{
  "charges": [
    {
      "created_at": "1956-12-21T00:00:00.0Z",
      "value": 3
    },
    {
      "created_at": "1972-10-31T23:00:00.0Z",
      "value": 52
    },
    {
      "created_at": "1942-12-10T00:00:00.0Z",
      "value": 6
    },
    {
      "created_at": "1995-11-24T00:00:00.0Z",
      "value": 43
    },
    {
      "created_at": "2003-05-06T22:00:00.0Z",
      "value": 56
    },
    {
      "value": 47,
      "created_at": "1944-01-17T23:00:00.0Z"
    },
    {
      "value": 41,
      "created_at": "2003-01-26T23:00:00.0Z"
    },
    {
      "value": 96,
      "created_at": "2017-11-24T00:00:00.0Z"
    },
    {
      "created_at": "2015-03-20T23:00:00.0Z",
      "value": 95
    },
    {
      "created_at": "1985-09-27T22:00:00.0Z",
      "value": 66
    },
    {
      "created_at": "1947-11-12T00:00:00.0Z",
      "value": 33
    },
    {
      "value": 6,
      "created_at": "2008-11-01T23:00:00.0Z"
    },
    {
      "created_at": "1971-05-20T23:00:00.0Z",
      "value": 51
    },
    {
      "value": 61,
      "created_at": "1950-06-14T23:00:00.0Z"
    },
    {
      "created_at": "1948-05-03T22:00:00.0Z",
      "value": 8
    },
    {
      "value": 56,
      "created_at": "2010-03-25T23:00:00.0Z"
    },
    {
      "created_at": "1942-06-07T22:00:00.0Z",
      "value": 77
    },
    {
      "value": 96,
      "created_at": "2012-08-11T22:00:00.0Z"
    },
    {
      "created_at": "2003-07-06T22:00:00.0Z",
      "value": 84
    },
    {
      "created_at": "1982-04-19T22:00:00.0Z",
      "value": 72
    }
  ],
  "current_level": 8.2,
  "health": 78
}
